{
  "project_info": {
    "project_number": "591928827412",
    "firebase_url": "https://lyrical-medley-215614.firebaseio.com",
    "project_id": "lyrical-medley-215614",
    "storage_bucket": "lyrical-medley-215614.appspot.com"
  },
  "client": [
    {
      "client_info": {
        "mobilesdk_app_id": "1:591928827412:android:52f41c9f1e25c2fd",
        "android_client_info": {
          "package_name": "com.example.ckddn.capstoneproject2018_2"
        }
      },
      "oauth_client": [
        {
          "client_id": "591928827412-316rtgf6tsh44hvat3fd46n7muhk8obc.apps.googleusercontent.com",
          "client_type": 3
        }
      ],
      "api_key": [
        {
          "current_key": "AIzaSyDC9_RBg0nCMl6z7BfyJfOMEoog9HtnTuI"
        }
      ],
      "services": {
        "analytics_service": {
          "status": 1
        },
        "appinvite_service": {
          "status": 1,
          "other_platform_oauth_client": []
        },
        "ads_service": {
          "status": 2
        }
      }
    }
  ],
  "configuration_version": "1"
}